domain	key	year	author_or_editor	title	type	importance	tags	incomplete	has_summary
1	guyer2010companion	2010	Guyer, Paul (ed.)	The Cambridge Companion to Kant's Critique of Pure Reason	book	High	tp-cpr;reference;type-edited-volume		Y
1	proops2010paralogism	2010	Proops, Ian	Kant's First Paralogism	article	Medium	tp-cpr;tp-mind;type-article		Y
1	allais2010transcendental	2010	Allais, Lucy	Kant's Argument for Transcendental Idealism in the Transcendental Aesthetic	article	Medium	tp-cpr;debate-other-transcendental-idealism;type-article		Y
1	sturm2010consciousness	2010	Sturm, Thomas and Wunderlich, Falk	Kant and the scientific study of consciousness	article	Medium	tp-mind;anthro-hist-edu;debate-other-consciousness-science;type-article		Y
1	byrd2010doctrine	2010	Byrd, B. Sharon and Hruschka, Joachim	Kant's Doctrine of Right: A Commentary	book	High	pp-right-politics;type-monograph		Y
1	flikschuh2010sovereignty	2010	Flikschuh, Katrin	Kant's Sovereignty Dilemma: A Contemporary Analysis	article	Medium	pp-right-politics;debate-other-global-justice;type-article	INCOMPLETE	Y
1	baxley2010virtue	2010	Baxley, Anne Margaret	Kant's Theory of Virtue: The Value of Autocracy	book	Medium	pp-mm-virtue;pp-ethics;debate-other-virtue-ethics;type-monograph		Y
1	reath2010practical	2010	Reath, Andrews and Timmermann, Jens (ed.)	Kant's Critique of Practical Reason: A Critical Guide	book	Medium	pp-ethics;type-edited-volume		Y
1	denis2010metaphysics	2010	Denis, Lara (ed.)	Kant's Metaphysics of Morals: A Critical Guide	book	Medium	pp-mm-virtue;pp-right-politics;type-edited-volume		Y
1	pallikkathayil2010deriving	2010	Pallikkathayil, Japa	Deriving Morality from Politics: Rethinking the Formula of Humanity	article	Medium	pp-ethics;pp-right-politics;debate-other-formula-of-humanity;type-article		Y
1	crowther2010kantian	2010	Crowther, Paul	The Kantian Aesthetic: From Knowledge to the Avant-Garde	book	Medium	aes-teleo;type-monograph		Y
1	heis2010cassirer	2010	Heis, Jeremy	“Critical philosophy begins at the very point where logistic leaves off”: Cassirer's Response to Frege and Russell	article	Low	recep-neokantian;recep-analytic;tp-science-math;type-article		Y
1	papadaki2010marriage	2010	Papadaki, Lina	Kantian Marriage and Beyond: Why It Is Worth Thinking about Kant on Marriage	article	Low	pp-mm-virtue;debate-gender;type-article		Y
1	kitcher2011thinker	2011	Kitcher, Patricia	Kant's Thinker	book	High	tp-cpr;tp-mind;type-monograph		Y
1	hanna2011nonconceptual	2011	Hanna, Robert	Beyond the Myth of the Myth: A Kantian Theory of Non-Conceptual Content	article	Medium	tp-cpr;tp-mind;debate-conceptualism;type-article		Y
1	mclear2011animal	2011	McLear, Colin	Kant on Animal Consciousness	article	Medium	tp-mind;tp-cpr;debate-conceptualism;debate-animals;type-article		Y
1	schulting2011idealism	2011	Schulting, Dennis and Verburgt, Jacco (ed.)	Kant's Idealism: New Interpretations of a Controversial Doctrine	book	Medium	tp-cpr;debate-two-aspect;type-edited-volume	INCOMPLETE	Y
1	massimi2011dynamical	2011	Massimi, Michela	Kant’s dynamical theory of matter in 1755, and its debt to speculative Newtonian experimentalism	article	Medium	tp-science-math;precritical;type-article		Y
1	allison2011groundwork	2011	Allison, Henry E.	Kant's Groundwork for the Metaphysics of Morals: A Commentary	book	High	pp-ethics;type-monograph		Y
1	sensen2011dignity	2011	Sensen, Oliver	Kant on Human Dignity	book	High	pp-ethics;debate-other-dignity;type-monograph		Y
1	kant2011groundwork	2011	Kant, Immanuel	Groundwork of the Metaphysics of Morals: A German-English Edition	book	High	edition-trans;pp-ethics;type-translation-edition		Y
1	stern2011obligation	2011	Stern, Robert	Understanding Moral Obligation: Kant, Hegel, Kierkegaard	book	Medium	pp-ethics;recep-idealism;debate-constructivism;type-monograph		Y
1	kleingeld2011cosmopolitanism	2011	Kleingeld, Pauline	Kant and Cosmopolitanism: The Philosophical Ideal of World Citizenship	book	High	pp-right-politics;anthro-hist-edu;debate-race;type-monograph		Y
1	eldenmendieta2011geography	2011	Elden, Stuart and Mendieta, Eduardo (ed.)	Reading Kant's Geography	book	Medium	anthro-hist-edu;debate-race;debate-colonialism;type-edited-volume	INCOMPLETE	Y
1	ginsborg2011normativity	2011	Ginsborg, Hannah	Primitive Normativity and Skepticism about Rules	article	Medium	aes-teleo;recep-analytic;debate-other-normativity;type-article		Y
1	louden2011human	2011	Louden, Robert B.	Kant's Human Being: Essays on His Theory of Human Nature	book	High	anthro-hist-edu;pp-ethics;debate-race;type-monograph		Y
1	dicenso2011religion	2011	DiCenso, James	Kant, Religion, and Politics	book	Medium	religion;pp-right-politics;type-monograph		Y
1	rockmore2011phenomenology	2011	Rockmore, Tom	Kant and Phenomenology	book	Low	recep-phenom;debate-other-constructivist-reading;type-monograph		Y
1	chignell2012spinoza	2012	Chignell, A.	Kant, Real Possibility, and the Threat of Spinoza	article	Medium	tp-cpr;precritical;debate-other-modality;type-article		Y
1	griffith2012categories	2012	Griffith, Aaron M.	Perception and the Categories: A Conceptualist Reading of Kant's Critique of Pure Reason	article	Medium	tp-cpr;tp-mind;debate-conceptualism;type-article		Y
1	friedman2012geometry	2012	Friedman, Michael	Kant on geometry and spatial intuition	article	Medium	tp-science-math;debate-other-diagrammatic-intuition;type-article	INCOMPLETE	Y
1	ameriks2012elliptical	2012	Ameriks, Karl	Kant's Elliptical Path	book	Medium	tp-cpr;pp-ethics;religion;debate-other-transcendental-idealism;type-monograph		Y
1	allison2012essays	2012	Allison, Henry E.	Essays on Kant	book	Medium	tp-cpr;pp-ethics;aes-teleo;debate-two-aspect;type-monograph		Y
1	parsons2012husserl	2012	Parsons, Charles	From Kant to Husserl: Selected Essays	book	Medium	tp-science-math;recep-phenom;recep-analytic;type-monograph		Y
1	hill2012virtue	2012	Hill, Jr., Thomas E.	Virtue, Rules, and Justice: Kantian Aspirations	book	Medium	pp-ethics;pp-mm-virtue;type-monograph		Y
1	sensen2012autonomy	2012	Sensen, Oliver (ed.)	Kant on Moral Autonomy	book	Medium	pp-ethics;debate-other-autonomy;type-edited-volume		Y
1	ellis2012political	2012	Ellis, Elisabeth (ed.)	Kant's Political Theory: Interpretations and Applications	book	Low	pp-right-politics;type-edited-volume	INCOMPLETE	Y
1	teufel2012judgement	2012	Teufel, Thomas	What Does Kant Mean by 'Power of Judgement' in his Critique of the Power of Judgement?	article	Low	aes-teleo;tp-cpr;type-article		Y
1	kant2012natural	2012	Kant, Immanuel	Natural Science	book	High	edition-trans;precritical;tp-science-math;type-translation-edition		Y
1	kant2012anthropology	2012	Kant, Immanuel	Lectures on Anthropology	book	High	edition-trans;anthro-hist-edu;type-translation-edition		Y
1	forster2012twentyfive	2012	Förster, Eckart	The Twenty-Five Years of Philosophy: A Systematic Reconstruction	book	High	recep-idealism;tp-cpr;type-monograph		Y
1	sedgwick2012hegel	2012	Sedgwick, Sally	Hegel's Critique of Kant: From Dichotomy to Identity	book	Medium	recep-idealism;tp-cpr;type-monograph		Y
1	gray2012race	2012	Gray, Sally Hatch	Kant's Race Theory, Forster's Counter, and the Metaphysics of Color	article	Low	anthro-hist-edu;aes-teleo;debate-race;type-article		Y
2	friedman2013construction	2013	Friedman, Michael	Kant's Construction of Nature: A Reading of the Metaphysical Foundations of Natural Science	book	High	tp-science-math;tp-cpr;type-monograph		Y
2	tolley2013nonconceptuality	2013	Tolley, Clinton	The Non-Conceptuality of the Content of Intuitions: A New Approach	article	Medium	tp-mind;tp-cpr;debate-conceptualism;type-article		Y
2	marshall2013quaobjects	2013	Marshall, Colin	Kant's Appearances and Things in Themselves as Qua-Objects	article	Medium	tp-cpr;debate-two-aspect;type-article		Y
2	watkins2013newtonianism	2013	Watkins, Eric	The Early Kant's (Anti-) Newtonianism	article	Medium	precritical;tp-science-math;type-article		Y
2	grenberg2013common	2013	Grenberg, Jeanine	Kant's Defense of Common Moral Experience: A Phenomenological Account	book	Medium	pp-ethics;type-monograph		Y
2	wuerth2013sense	2013	Wuerth, Julian	Sense and Sensibility in Kant's Practical Agent: Against the Intellectualism of Korsgaard and Sidgwick	article	Medium	pp-ethics;tp-mind;debate-other-intellectualism;type-article		Y
2	trampota2013tugendlehre	2013	Trampota, Andreas and Sensen, Oliver and Timmermann, Jens (ed.)	Kant's ‘Tugendlehre’: A Comprehensive Commentary	book	Medium	pp-mm-virtue;type-edited-volume		Y
2	hay2013feminism	2013	Hay, Carol	Kantianism, Liberalism, and Feminism: Resisting Oppression	book	Low	pp-right-politics;debate-gender;type-monograph		Y
2	mensch2013organicism	2013	Mensch, Jennifer	Kant's Organicism: Epigenesis and the Development of Critical Philosophy	book	Medium	aes-teleo;tp-cpr;type-monograph	INCOMPLETE	Y
2	matherne2013aesthetic	2013	Matherne, Samantha	The Inclusive Interpretation of Kant's Aesthetic Ideas	article	Medium	aes-teleo;type-article		Y
2	insole2013creation	2013	Insole, Christopher J.	Kant and the Creation of Freedom: A Theological Problem	book	Medium	religion;tp-cpr;type-monograph		Y
2	mikkelsen2013race	2013	Mikkelsen, Jon (ed.)	Kant and the Concept of Race: Late Eighteenth-Century Writings	book	Medium	anthro-hist-edu;debate-race;edition-trans;type-translation-edition		Y
2	frierson2013human	2013	Frierson, Patrick R.	What Is the Human Being?	book	Medium	anthro-hist-edu;tp-mind;type-monograph		Y
2	golob2013heidegger	2013	Golob, Sacha	Heidegger on Kant, Time and the ‘Form’ of Intentionality	article	Low	recep-phenom;tp-cpr;type-article		Y
2	bacin2013kongress	2013	Bacin, Stefano and Ferrarin, Alfredo and La Rocca, Claudio and Ruffing, Margit (ed.)	Kant und die Philosophie in weltbürgerlicher Absicht: Akten des XI. Kant-Kongresses 2010	book	Low	reference;type-edited-volume		Y
2	frierson2014empirical	2014	Frierson, Patrick R.	Kant's Empirical Psychology	book	Medium	tp-mind;anthro-hist-edu;type-monograph		Y
2	dyck2014rational	2014	Dyck, Corey W.	Kant and Rational Psychology	book	High	tp-cpr;tp-mind;type-monograph	INCOMPLETE	Y
2	gomes2014naive	2014	Gomes, Anil	Kant on Perception: Naïve Realism, Non-Conceptualism, and the B-Deduction	article	Medium	tp-mind;tp-cpr;debate-conceptualism;type-article		Y
2	stang2014nonidentity	2014	Stang, Nicholas F.	The Non-Identity of Appearances and Things in Themselves	article	Medium	tp-cpr;debate-two-aspect;type-article		Y
2	wuerth2014mind	2014	Wuerth, Julian	Kant on Mind, Action, and Ethics	book	High	pp-ethics;tp-mind;debate-constructivism;type-monograph		Y
2	ware2014sensibility	2014	Ware, Owen	Kant on Moral Sensibility and Moral Motivation	article	Medium	pp-ethics;type-article	INCOMPLETE	Y
2	denis2014ethics	2014	Denis, Lara and Sensen, Oliver (ed.)	Kant's Lectures on Ethics: A Critical Guide	book	Medium	pp-ethics;anthro-hist-edu;type-edited-volume		Y
2	maliks2014politics	2014	Maliks, Reidar	Kant's Politics in Context	book	Medium	pp-right-politics;type-monograph		Y
2	flikschuh2014colonialism	2014	Flikschuh, Katrin and Ypi, Lea (ed.)	Kant and Colonialism: Historical and Critical Perspectives	book	High	pp-right-politics;debate-colonialism;debate-race;type-edited-volume		Y
2	goy2014biology	2014	Goy, Ina and Watkins, Eric (ed.)	Kant's Theory of Biology	book	Medium	aes-teleo;tp-science-math;type-edited-volume		Y
2	ginsborg2014normativity	2014	Ginsborg, Hannah	The Normativity of Nature: Essays on Kant's Critique of Judgement	book	Medium	aes-teleo;debate-other-normativity;type-monograph		Y
2	cohen2014anthropology	2014	Cohen, Alix (ed.)	Kant's Lectures on Anthropology: A Critical Guide	book	Medium	anthro-hist-edu;tp-mind;type-edited-volume		Y
2	beiser2014neokantianism	2014	Beiser, Frederick C.	The Genesis of Neo-Kantianism, 1796-1880	book	Medium	recep-neokantian;type-monograph	INCOMPLETE	Y
2	mills2014race	2014	Mills, Charles W.	Kant and Race, Redux	article	Medium	anthro-hist-edu;debate-race;type-article	INCOMPLETE	Y
2	hall2014postcritical	2014	Hall, Bryan	The Post-Critical Kant: Understanding the Critical Philosophy through the Opus Postumum	book	Medium	opus-postumum;tp-science-math;type-monograph		Y
2	allais2015manifest	2015	Allais, Lucy	Manifest Reality: Kant's Idealism and His Realism	book	High	tp-cpr;debate-two-aspect;debate-conceptualism;type-monograph		Y
2	allison2015deduction	2015	Allison, Henry E.	Kant's Transcendental Deduction: An Analytical-Historical Commentary	book	High	tp-cpr;type-monograph	INCOMPLETE	Y
2	anderson2015poverty	2015	Anderson, R. Lanier	The Poverty of Conceptual Truth: Kant's Analytic/Synthetic Distinction and the Limits of Metaphysics	book	Medium	tp-cpr;tp-science-math;type-monograph		Y
2	stephenson2015hallucination	2015	Stephenson, Andrew	Kant on the Object-Dependence of Intuition and Hallucination	article	Medium	tp-mind;tp-cpr;debate-other-naive-realism;type-article		Y
2	onof2015space	2015	Onof, Christian and Schulting, Dennis	Space as Form of Intuition and as Formal Intuition: On the Note to B160 in Kant's Critique of Pure Reason	article	Medium	tp-cpr;debate-conceptualism;type-article		Y
2	mcnulty2015regulative	2015	McNulty, Michael Bennett	Rehabilitating the Regulative Use of Reason: Kant on Empirical and Chemical Laws	article	Medium	tp-science-math;type-article	INCOMPLETE	Y
2	schonecker2015groundwork	2015	Schönecker, Dieter and Wood, Allen W.	Immanuel Kant's ‘Groundwork for the Metaphysics of Morals’: A Commentary	book	Medium	pp-ethics;type-monograph		Y
2	oneill2015authorities	2015	O'Neill, Onora	Constructing Authorities: Reason, Politics and Interpretation in Kant's Philosophy	book	Medium	pp-ethics;pp-right-politics;debate-constructivism;type-monograph		Y
2	reath2015practical	2015	Kant, Immanuel	Critique of Practical Reason	book	Medium	edition-trans;pp-ethics;type-translation-edition		Y
2	friedlander2015expressions	2015	Friedlander, Eli	Expressions of Judgment: An Essay on Kant's Aesthetics	book	Medium	aes-teleo;type-monograph		Y
2	ferrarin2015powers	2015	Ferrarin, Alfredo	The Powers of Pure Reason: Kant and the Idea of Cosmic Philosophy	book	Medium	tp-cpr;type-monograph	INCOMPLETE	Y
2	gardner2015turn	2015	Gardner, Sebastian and Grist, Matthew (ed.)	The Transcendental Turn	book	Medium	recep-idealism;recep-phenom;recep-analytic;type-edited-volume	INCOMPLETE	Y
2	kantlexikon2015	2015	Willaschek, Marcus and Stolzenberg, Jürgen and Mohr, Georg and Bacin, Stefano (ed.)	Kant-Lexikon	book	Medium	reference;type-reference-work		Y
2	palmquist2015religion	2015	Palmquist, Stephen R.	Comprehensive Commentary on Kant's Religion within the Bounds of Bare Reason	book	Medium	religion;type-monograph	INCOMPLETE	Y
2	clewis2015lectures	2015	Clewis, Robert R. (ed.)	Reading Kant's Lectures	book	Low	anthro-hist-edu;reference;type-edited-volume		Y
3	stang2016modal	2016	Stang, Nicholas F.	Kant's Modal Metaphysics	book	High	tp-cpr;precritical;debate-other-modality;type-monograph		Y
3	mclear2016perceptual	2016	McLear, Colin	Kant on Perceptual Content	article	Medium	tp-mind;tp-cpr;debate-conceptualism;type-article		Y
3	schulting2016nonconceptualism	2016	Schulting, Dennis (ed.)	Kantian Nonconceptualism	book	Medium	tp-cpr;tp-mind;debate-conceptualism;type-edited-volume		Y
3	conant2016kantian	2016	Conant, James	Why Kant Is Not a Kantian	article	Medium	tp-cpr;debate-conceptualism;type-article		Y
3	mcnulty2016chemistry	2016	McNulty, Michael Bennett	Chemistry in Kant's Opus Postumum	article	Medium	opus-postumum;tp-science-math;type-article		Y
3	nassar2016analogical	2016	Nassar, Dalia	Analogical reflection as a source for the science of life: Kant and the possibility of the biological sciences	article	Low	aes-teleo;tp-science-math;type-article		Y
3	guyer2016virtues	2016	Guyer, Paul	Virtues of Freedom: Selected Essays on Kant	book	Medium	pp-ethics;pp-mm-virtue;type-monograph		Y
3	hoewing2016highest	2016	Höwing, Thomas (ed.)	The Highest Good in Kant's Philosophy	book	Medium	pp-ethics;religion;type-edited-volume		Y
3	rauscher2016lectures	2016	Kant, Immanuel	Lectures and Drafts on Political Philosophy	book	Medium	edition-trans;pp-right-politics;type-translation-edition		Y
3	westphal2016natlaw	2016	Westphal, Kenneth R.	How Hume and Kant Reconstruct Natural Law: Justifying Strict Objectivity without Debating Moral Realism	book	Medium	pp-right-politics;pp-ethics;debate-constructivism;type-monograph		Y
3	allais2016racism	2016	Allais, Lucy	Kant's Racism	article	High	anthro-hist-edu;pp-ethics;debate-race;type-article		Y
3	fugate2016eberhard	2016	Eberhard, Johann August	Preparation for Natural Theology: With Kant's Notes and the Danzig Rational Theology Transcript	book	Medium	edition-trans;religion;type-translation-edition		Y
3	dyck2016spontaneity	2016	Dyck, Corey W.	Spontaneity before the Critical Turn: The Spontaneity of the Mind in Crusius, the Pre-Critical Kant, and Tetens	article	Medium	precritical;tp-mind;type-article		Y
3	matherne2016merleau	2016	Matherne, Samantha	Kantian Themes in Merleau-Ponty's Theory of Perception	article	Medium	recep-phenom;tp-mind;debate-conceptualism;type-article		Y
3	longuenesse2017	2017	Longuenesse, Béatrice	I, Me, Mine: Back to Kant, and Back Again	book	High	tp-mind;tp-cpr;type-monograph		Y
3	pollok2017	2017	Pollok, Konstantin	Kant's Theory of Normativity: Exploring the Space of Reason	book	High	tp-cpr;pp-ethics;debate-other-normativity;type-monograph		Y
3	watkinswillaschek2017	2017	Watkins, Eric and Willaschek, Marcus	Kant's Account of Cognition	article	High	tp-cpr;debate-conceptualism;type-article		Y
3	gomesstephenson2017	2017	Gomes, Anil and Stephenson, Andrew (ed.)	Kant and the Philosophy of Mind: Perception, Reason, and the Self	book	Medium	tp-mind;debate-conceptualism;type-edited-volume		Y
3	massimibreitenbach2017	2017	Massimi, Michela and Breitenbach, Angela (ed.)	Kant and the Laws of Nature	book	Medium	tp-science-math;aes-teleo;type-edited-volume		Y
3	oshea2017	2017	O'Shea, James R. (ed.)	Kant's Critique of Pure Reason: A Critical Guide	book	Medium	tp-cpr;debate-two-aspect;debate-conceptualism;type-edited-volume		Y
3	sutherland2017number	2017	Sutherland, Daniel	Kant's Conception of Number	article	Medium	tp-science-math;type-article		Y
3	huneman2017organism	2017	Huneman, Philippe	Kant's Concept of Organism Revisited: A Framework for a Possible Synthesis between Developmentalism and Adaptationism?	article	Low	aes-teleo;tp-science-math;type-article		Y
3	kleingeld2017	2017	Kleingeld, Pauline	Contradiction and Kant's Formula of Universal Law	article	Medium	pp-ethics;type-article		Y
3	denis2017mm	2017	Kant, Immanuel	Kant: The Metaphysics of Morals	book	Medium	edition-trans;pp-mm-virtue;pp-right-politics;type-translation-edition		Y
3	flikschuh2017	2017	Flikschuh, Katrin	What Is Orientation in Global Thinking? A Kantian Inquiry	book	Medium	pp-right-politics;debate-colonialism;type-monograph		Y
3	valdez2017	2017	Valdez, Inés	It's Not about Race: Good Wars, Bad Wars, and the Origins of Kant's Anti-Colonialism	article	Medium	pp-right-politics;debate-colonialism;debate-race;type-article		Y
3	varden2017women	2017	Varden, Helga	Kant and Women	article	Medium	anthro-hist-edu;pp-mm-virtue;debate-gender;type-article		Y
3	chaouli2017	2017	Chaouli, Michel	Thinking with Kant's Critique of Judgment	book	Medium	aes-teleo;type-monograph		Y
3	thorndike2017	2017	Thorndike, Oliver	Kant's Transition Project and Late Philosophy: Connecting the Opus postumum and Metaphysics of Morals	book	Medium	opus-postumum;pp-mm-virtue;type-monograph		Y
3	engelland2017	2017	Engelland, Chad	Heidegger's Shadow: Kant, Husserl, and the Transcendental Turn	book	Medium	recep-phenom;type-monograph		Y
3	willaschek2018	2018	Willaschek, Marcus	Kant on the Sources of Metaphysics: The Dialectic of Pure Reason	book	High	tp-cpr;type-monograph		Y
3	merritt2018	2018	Merritt, Melissa	Kant on Reflection and Virtue	book	High	pp-ethics;tp-mind;type-monograph		Y
3	korsgaard2018fellow	2018	Korsgaard, Christine M.	Fellow Creatures: Our Obligations to the Other Animals	book	High	pp-ethics;anthro-hist-edu;debate-animals;type-monograph		Y
3	luadler2018	2018	Lu-Adler, Huaping	Kant and the Science of Logic: A Historical and Philosophical Reconstruction	book	Medium	tp-science-math;tp-cpr;type-monograph		Y
3	papish2018	2018	Papish, Laura	Kant on Evil, Self-Deception, and Moral Reform	book	Medium	pp-ethics;religion;type-monograph		Y
3	holtman2018	2018	Holtman, Sarah	Kant on Civil Society and Welfare	book	Medium	pp-right-politics;type-monograph		Y
3	horstmann2018	2018	Horstmann, Rolf-Peter	Kant's Power of Imagination	book	Medium	tp-mind;aes-teleo;type-monograph		Y
3	merrittsublime2018	2018	Merritt, Melissa McBay	The Sublime	book	Low	aes-teleo;type-monograph		Y
3	sorensen2018	2018	Sorensen, Kelly and Williamson, Diane (ed.)	Kant and the Faculty of Feeling	book	Medium	pp-ethics;aes-teleo;tp-mind;type-edited-volume		Y
3	fugatehymers2018	2018	Fugate, Courtney D. and Hymers, John (ed.)	Baumgarten and Kant on Metaphysics	book	Medium	precritical;tp-cpr;type-edited-volume		Y
3	kantreligion2018	2018	Kant, Immanuel	Kant: Religion within the Boundaries of Mere Reason: And Other Writings	book	Medium	edition-trans;religion;type-translation-edition		Y
3	naturfreiheit2018	2018	Waibel, Violetta L. and Ruffing, Margit and Wagner, David (ed.)	Natur und Freiheit: Akten des XII. Internationalen Kant-Kongresses	book	Low	reference;type-edited-volume		Y
3	mills2018radical	2018	Mills, Charles W.	Black Radical Kantianism	article	High	anthro-hist-edu;pp-ethics;debate-race;recep-other;type-article	INCOMPLETE	Y
3	sandford2018	2018	Sandford, Stella	Kant, race, and natural history	article	Medium	anthro-hist-edu;aes-teleo;debate-race;type-article		Y
3	nisenbaum2018	2018	Nisenbaum, Karin	For the Love of Metaphysics: Nihilism and the Conflict of Reason from Kant to Rosenzweig	book	Medium	recep-idealism;religion;type-monograph		Y
4	watkins2019laws	2019	Watkins, Eric	Kant on Laws	book	High	tp-science-math;tp-cpr;debate-other-laws;type-monograph		Y
4	abaci2019modality	2019	Abacı, Uygar	Kant's Revolutionary Theory of Modality	book	Medium	tp-cpr;precritical;debate-other-modality;type-monograph		Y
4	fugate2019lectures	2019	Fugate, Courtney D. (ed.)	Kant's Lectures on Metaphysics	book	Medium	tp-cpr;precritical;reference;type-edited-volume		Y
4	kraus2019inner	2019	Kraus, Katharina	The Parity and Disparity between Inner and Outer Experience in Kant	article	Medium	tp-mind;debate-other-inner-sense;type-article		Y
4	kleingeldwillaschek2019autonomy	2019	Kleingeld, Pauline and Willaschek, Marcus	Autonomy Without Paradox: Kant, Self-Legislation and the Moral Law	article	High	pp-ethics;debate-constructivism;type-article	INCOMPLETE	Y
4	schafer2019constitutivism	2019	Schafer, Karl	Kant: constitutivism as capacities-first philosophy	article	Medium	pp-ethics;debate-constructivism;type-article		Y
4	formosasticker2019beneficence	2019	Formosa, Paul and Sticker, Martin	Kant and the demandingness of the virtue of beneficence	article	Medium	pp-mm-virtue;pp-ethics;debate-other-demandingness;type-article		Y
4	kant2019groundwork	2019	Kant, Immanuel	Groundwork for the Metaphysics of Morals	book	Medium	pp-ethics;edition-trans;type-translation-edition	INCOMPLETE	Y
4	ameriks2019subjects	2019	Ameriks, Karl	Kantian Subjects: Critical Philosophy and Late Modernity	book	Medium	pp-ethics;recep-idealism;type-monograph		Y
4	huseyinzadegan2019nonideal	2019	Huseyinzadegan, Dilek	Kant's Nonideal Theory of Politics	book	Medium	pp-right-politics;anthro-hist-edu;debate-other-nonideal-theory;type-monograph		Y
4	valdez2019transnational	2019	Valdez, Inés	Transnational Cosmopolitanism: Kant, Du Bois, and Justice as a Political Craft	book	High	pp-right-politics;recep-other;debate-colonialism;type-monograph		Y
4	insole2019freebelief	2019	Insole, Christopher	Free Belief: The Medieval Heritage in Kant's Moral Faith	article	Low	religion;debate-other-moral-faith;type-article		Y
4	fisher2019organisms	2019	Fisher, Naomi	Organisms and the form of freedom in Kant's third Critique	article	Low	aes-teleo;debate-other-teleology;type-article	INCOMPLETE	Y
4	kleingeld2019sexismracism	2019	Kleingeld, Pauline	On Dealing with Kant's Sexism and Racism	misc	High	anthro-hist-edu;debate-race;debate-gender;type-article	INCOMPLETE	Y
4	howard2019transition	2019	Howard, Stephen	The transition within the transition: the Übergang from the Selbstsetzungslehre to the ether proofs in Kant's Opus postumum	article	Low	opus-postumum;debate-other-transition;type-article		Y
4	allison2020freedom	2020	Allison, Henry E.	Kant's Conception of Freedom: A Developmental and Critical Analysis	book	High	pp-ethics;precritical;debate-other-freedom;type-monograph		Y
4	kraus2020selfknowledge	2020	Kraus, Katharina T.	Kant on Self-Knowledge and Self-Formation: The Nature of Inner Experience	book	High	tp-mind;debate-other-inner-sense;type-monograph		Y
4	deboer2020reform	2020	de Boer, Karin	Kant's Reform of Metaphysics: The Critique of Pure Reason Reconsidered	book	Medium	tp-cpr;debate-other-metaphysics;type-monograph		Y
4	moller2020tribunal	2020	Møller, Sofie	Kant's Tribunal of Reason: Legal Metaphor and Normativity in the Critique of Pure Reason	book	Medium	tp-cpr;debate-other-normativity;type-monograph		Y
4	posyrechter2020mathematics	2020	Posy, Carl and Rechter, Ofra (ed.)	Kant's Philosophy of Mathematics: Volume 1, The Critical Philosophy and Its Roots	book	Medium	tp-science-math;type-edited-volume		Y
4	wood2020religion	2020	Wood, Allen	Kant and Religion	book	High	religion;debate-other-religion;type-monograph		Y
4	varden2020sex	2020	Varden, Helga	Sex, Love, and Gender: A Kantian Theory	book	High	pp-mm-virtue;pp-right-politics;debate-gender;type-monograph		Y
4	allaiscallanan2020animals	2020	Callanan, John J. and Allais, Lucy (ed.)	Kant and Animals	book	High	anthro-hist-edu;pp-ethics;tp-mind;debate-animals;type-edited-volume		Y
4	cohen2020emotions	2020	Cohen, Alix	A Kantian Account of Emotions as Feelings	article	Medium	tp-mind;pp-ethics;debate-other-emotion;type-article	INCOMPLETE	Y
4	kleingeld2020meremeans	2020	Kleingeld, Pauline	How to Use Someone ‘Merely as a Means’	article	Medium	pp-ethics;debate-other-humanity-formula;type-article		Y
4	basevich2020race	2020	Basevich, Elvira	Reckoning With Kant on Race	article	Medium	anthro-hist-edu;pp-right-politics;debate-race;type-article		Y
4	loriaux2020distributive	2020	Loriaux, Sylvie	Kant and Global Distributive Justice	book	Low	pp-right-politics;debate-other-global-justice;type-monograph		Y
4	halper2020artnature	2020	Halper, Aaron	Rethinking Kant's distinction between the beauty of art and the beauty of nature	article	Low	aes-teleo;debate-other-beauty;type-article		Y
4	biagioli2020cassirer	2020	Biagioli, Francesca	Ernst Cassirer's transcendental account of mathematical reasoning	article	Low	recep-neokantian;tp-science-math;type-article		Y
4	vanmazijk2020perception	2020	van Mazijk, Corijn	Perception and Reality in Kant, Husserl, and McDowell	book	Medium	recep-phenom;recep-analytic;tp-mind;debate-conceptualism;type-monograph		Y
4	jauernig2021world	2021	Jauernig, Anja	The World According to Kant: Appearances and Things in Themselves in Critical Idealism	book	High	tp-cpr;debate-two-aspect;type-monograph		Y
4	proops2021fiery	2021	Proops, Ian	The Fiery Test of Critique: A Reading of Kant's Dialectic	book	High	tp-cpr;debate-other-dialectic;type-monograph		Y
4	ypi2021architectonic	2021	Ypi, Lea	The Architectonic of Reason: Purposiveness and Systematic Unity in Kant's Critique of Pure Reason	book	Medium	tp-cpr;aes-teleo;debate-other-purposiveness;type-monograph		Y
4	sutherland2021mathematical	2021	Sutherland, Daniel	Kant's Mathematical World: Mathematics, Cognition, and Experience	book	Medium	tp-science-math;tp-cpr;debate-other-magnitude;type-monograph		Y
4	hogan2021handedness	2021	Hogan, Desmond	Handedness, Idealism, and Freedom	article	Medium	tp-cpr;debate-other-incongruent-counterparts;type-article		Y
4	schafer2021capacitiesfirst	2021	Schafer, Karl	Transcendental Philosophy As Capacities-First Philosophy	article	Medium	tp-cpr;pp-ethics;debate-other-methodology;type-article		Y
4	schulting2021apperception	2021	Schulting, Dennis	Apperception and Self-Consciousness in Kant and German Idealism	book	Medium	tp-mind;recep-idealism;debate-other-apperception;type-monograph		Y
4	ware2021justification	2021	Ware, Owen	Kant's Justification of Ethics	book	Medium	pp-ethics;debate-other-justification;type-monograph		Y
4	ripstein2021war	2021	Ripstein, Arthur	Kant and the Law of War	book	Medium	pp-right-politics;debate-other-war;type-monograph		Y
4	makkai2021taste	2021	Makkai, Katalin	Kant's Critique of Taste: The Feeling of Life	book	Medium	aes-teleo;debate-other-judgment-of-taste;type-monograph		Y
4	merritt2021stoic	2021	Merritt, Melissa	Nature, corruption, and freedom: Stoic ethics in Kant's Religion	article	Low	religion;pp-ethics;debate-other-radical-evil;type-article		Y
4	sabourin2021enlightenment	2021	Sabourin, Charlotte	Kant's Enlightenment and Women's Peculiar Immaturity	article	Low	anthro-hist-edu;pp-right-politics;debate-gender;type-article		Y
4	yab2021racism	2021	Yab, Jimmy	Kant and the Politics of Racism: Towards Kant's Racialised Form of Cosmopolitan Right	book	Low	anthro-hist-edu;pp-right-politics;debate-race;type-monograph	INCOMPLETE	Y
4	wuerth2021lexicon	2021	Wuerth, Julian (ed.)	The Cambridge Kant Lexicon	book	Medium	reference;type-reference-work		Y
4	himmelmannserckhanssen2021court	2021	Himmelmann, Beatrix and Serck-Hanssen, Camilla (ed.)	The Court of Reason: Proceedings of the 13th International Kant Congress	book	Medium	reference;type-edited-volume		Y
5	schaferstang2022sensible	2022	Schafer, Karl and Stang, Nicholas F. (ed.)	The Sensible and Intelligible Worlds: New Essays on Kant's Metaphysics and Epistemology	book	Medium	tp-cpr;debate-other-metaphysical-kant;type-edited-volume		Y
5	gomes2022categories	2022	Gomes, Anil and Moore, A. W. and Stephenson, Andrew	On the Necessity of the Categories	article	Medium	tp-cpr;debate-other-humility;type-article		Y
5	pendlebury2022mind	2022	Pendlebury, T. A.	The Shape of the Kantian Mind	article	Medium	tp-mind;tp-cpr;debate-conceptualism;type-article		Y
5	mcnulty2022mfnw	2022	McNulty, Michael Bennett (ed.)	Kant's Metaphysical Foundations of Natural Science: A Critical Guide	book	High	tp-science-math;debate-other-natural-science;type-edited-volume		Y
5	timmons2022virtue	2022	Timmons, Mark	Kant's Doctrine of Virtue: A Guide	book	Medium	pp-mm-virtue;debate-other-virtue;type-monograph		Y
5	herman2022commitments	2022	Herman, Barbara	Kantian Commitments: Essays on Moral Theory and Practice	book	Medium	pp-ethics;debate-other-moral-reasoning;type-monograph		Y
5	pascoe2022labour	2022	Pascoe, Jordan	Kant's Theory of Labour	book	High	pp-right-politics;anthro-hist-edu;debate-race;debate-gender;type-monograph		Y
5	stone2022provisional	2022	Stone, Martin Jay and Hasan, Rafeeq	What Is Provisional Right?	article	Medium	pp-right-politics;debate-other-property;type-article		Y
5	geiger2022empirical	2022	Geiger, Ido	Kant and the Claims of the Empirical World: A Transcendental Reading of the Critique of the Power of Judgment	book	High	aes-teleo;tp-cpr;debate-other-purposiveness;type-monograph		Y
5	luadler2022savagery	2022	Lu-Adler, Huaping	Kant on Lazy Savagery, Racialized	article	High	anthro-hist-edu;debate-race;debate-colonialism;type-article		Y
5	rosen2022shadow	2022	Rosen, Michael	The Shadow of God: Kant, Hegel, and the Passage from Heaven to History	book	High	religion;recep-idealism;debate-other-secularization;type-monograph		Y
5	kant2022traume	2022	Kant, Immanuel	Träume eines Geistersehers, erläutert durch Träume der Metaphysik. Historisch-kritische Edition	book	Medium	precritical;edition-trans;debate-other-metaphysics-critique;type-translation-edition		Y
5	basile2022opus	2022	Basile, Giovanni Pietro and Lyssy, Ansgar	Perspectives on Kant's Opus postumum	book	Medium	opus-postumum;tp-science-math;debate-other-transition;type-edited-volume		Y
5	kimschoenecker2022ai	2022	Kim, Hyeongjoo and Schönecker, Dieter (ed.)	Kant and Artificial Intelligence	book	Medium	pp-ethics;tp-mind;debate-other-ai;type-edited-volume		Y
5	wilson2022naturalistic	2022	Wilson, Catherine	Kant and the Naturalistic Turn of 18th Century Philosophy	book	Medium	tp-mind;anthro-hist-edu;debate-other-naturalism;type-monograph		Y
5	luadler2023race	2023	Lu-Adler, Huaping	Kant, Race, and Racism: Views from Somewhere	book	High	anthro-hist-edu;debate-race;type-monograph		Y
5	schafer2023reason	2023	Schafer, Karl	Kant's Reason: The Unity of Reason and the Limits of Comprehension in Kant	book	Medium	tp-cpr;pp-ethics;debate-constructivism;type-monograph		Y
5	stang2023schematism	2023	Stang, Nicholas F.	Kant's Schematism of the Categories: An Interpretation and Defence	article	Medium	tp-cpr;tp-mind;debate-other-schematism;type-article		Y
5	cooper2023naturalhistory	2023	Cooper, Andrew	Kant and the Transformation of Natural History	book	Medium	tp-science-math;aes-teleo;debate-other-natural-history;type-monograph		Y
5	kohl2023freedom	2023	Kohl, Markus	Kant on Freedom and Rational Agency	book	High	pp-ethics;tp-cpr;debate-other-freedom;type-monograph		Y
5	howard2023latenature	2023	Howard, Stephen	Kant's Late Philosophy of Nature	book	Medium	opus-postumum;tp-science-math;debate-other-transition;type-monograph		Y
5	fahmy2023merely	2023	Fahmy, Melissa Seymour	Never Merely as a Means: Rethinking the Role and Relevance of Consent	article	Medium	pp-ethics;debate-other-formula-of-humanity;type-article		Y
5	kleingeld2023volitional	2023	Kleingeld, Pauline	A Defense and Development of the Volitional Self-Contradiction Interpretation of Kant's Formula of Universal Law	article	Low	pp-ethics;debate-other-universal-law;type-article		Y
5	rinne2023sex	2023	Rinne, Pärttyli and Brecher, Martin (ed.)	Kant on Sex, Love, and Friendship	book	Low	pp-mm-virtue;anthro-hist-edu;debate-other-sex-love;type-edited-volume		Y
5	davies2023selfsufficiency	2023	Davies, Luke	Kant on Civil Self-Sufficiency	article	Medium	pp-right-politics;debate-other-active-citizenship;type-article		Y
5	sweet2023territory	2023	Sweet, Kristi	Kant on Freedom, Nature, and Judgment: The Territory of the Third Critique	book	Medium	aes-teleo;debate-other-unity-third-critique;type-monograph		Y
5	clewis2023origins	2023	Clewis, Robert R.	The Origins of Kant's Aesthetics	book	Medium	aes-teleo;precritical;debate-other-aesthetic-sources;type-monograph		Y
5	chignell2023hope	2023	Chignell, Andrew	Demoralization and Hope: A Psychological Reading of Kant's Moral Argument	article	Medium	religion;pp-ethics;debate-other-moral-argument;type-article		Y
5	lambeth2023heidegger	2023	Lambeth, Morganna	Heidegger's Interpretation of Kant: The Violence and the Charity	book	Medium	recep-phenom;debate-other-heidegger-kant;type-monograph		Y
5	baiasu2023kantianmind	2023	Baiasu, Sorin and Timmons, Mark	The Kantian Mind	book	Medium	reference;type-edited-volume;type-reference-work	INCOMPLETE	Y
5	matherne2024seeing	2024	Matherne, Samantha	Seeing More: Kant's Theory of Imagination	book	High	tp-mind;aes-teleo;pp-ethics;debate-other-imagination;type-monograph		Y
5	smyth2024intuition	2024	Smyth, Daniel	Intuition in Kant: The Boundlessness of Sense	book	High	tp-cpr;tp-mind;tp-science-math;debate-other-intuition;type-monograph		Y
5	rosefeldt2024initself	2024	Rosefeldt, Tobias	`In Itself': A New Investigation of Kant's Adverbial Wording of Transcendental Idealism	article	Medium	tp-cpr;debate-two-aspect;type-article		Y
5	russell2024fantasy	2024	Russell, Francey	Kant's Fantasy	article	Medium	tp-mind;aes-teleo;anthro-hist-edu;debate-other-imagination;type-article		Y
5	guyer2024impact	2024	Guyer, Paul	Kant's Impact on Moral Philosophy	book	High	pp-ethics;recep-idealism;recep-analytic;debate-other-autonomy;type-monograph		Y
5	ameriks2024dignity	2024	Ameriks, Karl	Kantian Dignity and its Difficulties	book	High	pp-ethics;anthro-hist-edu;recep-other;debate-race;type-monograph		Y
5	walschots2024cpr	2024	Walschots, Michael	Kant's Critique of Practical Reason: Background Source Materials	book	Medium	pp-ethics;edition-trans;type-translation-edition		Y
5	vilhauer2024sympathy	2024	Vilhauer, Benjamin	Kant on Rational Sympathy	book	Medium	pp-mm-virtue;tp-mind;debate-other-moral-feeling;type-monograph		Y
5	guyer2024right	2024	Guyer, Paul	The Moral Foundation of Right	book	Medium	pp-right-politics;debate-other-right-morality;type-monograph		Y
5	papish2024race	2024	Papish, Laura	Kant on race and the radical evil in the human species	article	Medium	religion;anthro-hist-edu;debate-race;debate-other-radical-evil;type-article		Y
5	huseyinzadegan2024haiti	2024	Huseyinzadegan, Dilek	Conjectures on Kant and the Haitian Revolution	article	Medium	anthro-hist-edu;pp-right-politics;debate-race;debate-colonialism;type-article		Y
5	fugate2024baumgarten	2024	Fugate, Courtney D. and Hymers, John (ed.)	Baumgarten and Kant on the Foundations of Practical Philosophy	book	Medium	precritical;pp-ethics;debate-other-baumgarten;type-edited-volume		Y
5	kinzel2024neokantian	2024	Kinzel, Katherina	Neo-Kantian conceptualism: between scientific experience and everyday perception	article	Medium	recep-neokantian;debate-conceptualism;type-article		Y
5	aigner2024technics	2024	Aigner, Franziska	Kant and Technics: From the Critique of Pure Reason to the Opus Postumum	book	Low	opus-postumum;recep-phenom;recep-other;debate-other-technics;type-monograph		Y
5	gomes2024handbook	2024	Gomes, Anil and Stephenson, Andrew (ed.)	The Oxford Handbook of Kant	book	Medium	reference;type-edited-volume;type-reference-work		Y
6	anderson2025skeptical	2025	Anderson, Abraham	The Skeptical Roots of Critique: Hume's Attack on Theology and the Origin of Kant's Antinomy	book	Medium	tp-cpr;debate-other-hume;type-monograph		Y
6	stang2025obsolete	2025	Stang, Nicholas F.	Is Kant's Critique of Metaphysics Obsolete?	article	Medium	tp-cpr;debate-other-metametaphysics;type-article		Y
6	hogan2025nutshell	2025	Hogan, Desmond	Kant's Nutshell Argument for Idealism	article	Medium	tp-cpr;tp-science-math;debate-two-aspect;type-article		Y
6	stan2025natural	2025	Stan, Marius	Kant's Natural Philosophy	book	Medium	tp-science-math;type-monograph		Y
6	thomson2025opus	2025	Thomson, Terrence	Metaphysics of Nature and Failure in Kant's Opus postumum	book	Medium	opus-postumum;tp-science-math;type-monograph		Y
6	cureton2025sovereign	2025	Cureton, Adam	Sovereign Reason: Autonomy and Our Interests of Reason	book	Medium	pp-ethics;debate-constructivism;type-monograph		Y
6	kain2025goodwill	2025	Kain, Patrick	Kant and the Origins of the Good Will	book	Medium	pp-ethics;precritical;type-monograph		Y
6	timmermann2025lie	2025	Timmermann, Jens	Kant and the Supposed Right to Lie	book	Medium	pp-mm-virtue;debate-other-lying;type-monograph		Y
6	sabourin2025marriage	2025	Sabourin, Charlotte	Kant on Marriage	book	Medium	pp-mm-virtue;pp-right-politics;debate-gender;type-monograph		Y
6	williams2025incorporated	2025	Williams, Garrath	Kant Incorporated	book	Medium	pp-right-politics;type-monograph		Y
6	teufel2025teleology	2025	Teufel, Thomas	Kant and Teleology	book	Medium	aes-teleo;type-monograph		Y
6	kleingeld2025antiracism	2025	Kleingeld, Pauline	Anti-Racism and Kant Scholarship: A Critical Notice of Kant, Race, and Racism: Views from Somewhere, by Huaping Lu-Adler	article	High	anthro-hist-edu;pp-ethics;debate-race;debate-colonialism;type-article	INCOMPLETE	Y
6	heneghan2025environmental	2025	Heneghan, Fiacha D.	Kantian Ethics and Environmental Philosophy: Pursuing the Good in an Age of Crisis	book	Medium	pp-ethics;debate-other-environment;type-monograph		Y
6	bruno2025facticity	2025	Bruno, G. Anthony	Facticity and the Fate of Reason After Kant	book	High	recep-idealism;recep-phenom;recep-neokantian;type-monograph		Y
6	kant2025logicvolckmann	2025	Kant, Immanuel	Vorlesungen des Herrn Professor Kant über die Logic nach Meier: Nachgeschrieben von Johann Wilhelm Volckmann	book	Low	edition-trans;tp-science-math;type-translation-edition	INCOMPLETE	Y
6	wolf2026conclusions	2026	Wolf, W. Clark	Kant's Conclusions in the Transcendental Aesthetic	article	Medium	tp-cpr;debate-other-neglected-alternative;type-article		Y
6	schnieder2026psr	2026	Schnieder, Benjamin	The Principle of Sufficient Reason in Kant's Nova Dilucidatio	article	Medium	precritical;debate-other-psr;type-article		Y
6	kleingeld2026strikingsimilarity	2026	Kleingeld, Pauline	The ``Striking Similarity'' Between Kant's Prolegomena and the Groundwork	article	Medium	tp-cpr;pp-ethics;debate-other-groundwork-structure;type-article		Y
6	guyer2026selectedessays	2026	Guyer, Paul	Selected Essays on Kant II: Method, Idealism, and Purpose	book	High	tp-cpr;debate-other-transcendental-method;type-monograph		Y
6	carson2026mathematics	2026	Carson, Emily	Philosophy of Mathematics from Descartes to Kant	book	Low	tp-science-math;precritical;type-monograph		Y
6	longuenesse2026organization	2026	Longuenesse, Béatrice	The Organization of the Mind: Lessons from Kant and Freud	book	Medium	tp-mind;recep-other;type-monograph		Y
6	schlicht2026predictive	2026	Schlicht, Tobias	Predictive processing's flirt with transcendental idealism	article	Medium	tp-mind;tp-cpr;recep-other;debate-other-predictive-processing;type-article		Y
6	brecher2026lawmorality	2026	Brecher, Martin and Hirsch, Philipp-Alexander (ed.)	Law and Morality in Kant	book	Medium	pp-right-politics;pp-mm-virtue;type-edited-volume		Y
6	hunter2026kantianreligion	2026	Hunter, Ian	The Kantian Religion	book	High	religion;debate-other-historicism;type-monograph	INCOMPLETE	Y
6	luadler2026colonialslavery	2026	Lu-Adler, Huaping	Kant, the Political Economy of Colonial Slavery, and Racial Capitalism	article	Medium	anthro-hist-edu;pp-right-politics;debate-race;debate-colonialism;type-article		Y
6	noller2026respect	2026	Noller, Jörg	Kant on Respect (Achtung)	book	Medium	pp-ethics;tp-mind;debate-other-moral-feeling;type-monograph		Y
6	khurana2026lifefreedom	2026	Khurana, Thomas	The Life of Freedom in Kant and Hegel	book	Medium	pp-ethics;recep-idealism;debate-constructivism;type-monograph		Y
6	tuna2026artcriticism	2026	Tuna, Emine Hande	Kantian Art Criticism	book	Low	aes-teleo;debate-other-aesthetic-testimony;type-monograph		Y
